id,title,score,num_comments,author,created_utc,url,upvote_ratio,over_18,edited,spoiler,stickied
1epvzf9,Free APIs for personal projects,131,31,Own_Efficiency_1443,2024-08-11 21:27:34,https://www.reddit.com/r/dataengineering/comments/1epvzf9/free_apis_for_personal_projects/,0.99,False,False,False,False
1epsvry,SQLite vs DuckDB,19,8,Bavender-Lrown,2024-08-11 19:14:40,https://www.reddit.com/r/dataengineering/comments/1epsvry/sqlite_vs_duckdb/,0.91,False,False,False,False
1eq9ncb,AI usage,15,27,FrostDuke,2024-08-12 09:55:20,https://www.reddit.com/r/dataengineering/comments/1eq9ncb/ai_usage/,0.74,False,False,False,False
1eq1i92,Guidance needed on Data Engineering Learning Path,12,6,FunChip3160,2024-08-12 01:40:35,https://www.reddit.com/r/dataengineering/comments/1eq1i92/guidance_needed_on_data_engineering_learning_path/,0.83,False,False,False,False
1epuv6f,Data Engineering Books,13,0,The_Good_22,2024-08-11 20:39:33,https://www.reddit.com/r/dataengineering/comments/1epuv6f/data_engineering_books/,0.89,False,False,False,False
1eqgyn7,How do you guys create quality for the ETL?,12,5,Next-Information6352,2024-08-12 15:38:26,https://www.reddit.com/r/dataengineering/comments/1eqgyn7/how_do_you_guys_create_quality_for_the_etl/,0.94,False,False,False,False
1eqhsio,Career advice request: Is Data Engineering what I actually want? Coming from a Backend background.,11,0,Mojesi123,2024-08-12 16:11:08,https://www.reddit.com/r/dataengineering/comments/1eqhsio/career_advice_request_is_data_engineering_what_i/,0.83,False,False,False,False
1eqb42x,HOW APACHE ICEBERG CATALOGS WORK,4,7,AMDataLake,2024-08-12 11:22:56,https://i.redd.it/6ynlxdnpw7id1.jpeg,0.52,False,False,False,False
1eq2zwn,The Current State of Open Source Licenses and What’s Next,8,0,jekapats,2024-08-12 02:56:53,https://yevgenyp.com/p/the-current-state-of-open-source-licenses,0.91,False,False,False,False
1eq6mrh,What’s your toolset and process for front end events?,7,2,Evergreen16,2024-08-12 06:28:01,https://www.reddit.com/r/dataengineering/comments/1eq6mrh/whats_your_toolset_and_process_for_front_end/,0.9,False,False,False,False
1eqc6ct,Azure Data Factory - flatten JSON while retaining order of array elements,6,3,LoudScreamingGoat,2024-08-12 12:17:44,https://www.reddit.com/r/dataengineering/comments/1eqc6ct/azure_data_factory_flatten_json_while_retaining/,0.88,False,False,False,False
1eq6vaq,About data deduplication in a DWH,5,2,Skualys,2024-08-12 06:43:26,https://www.reddit.com/r/dataengineering/comments/1eq6vaq/about_data_deduplication_in_a_dwh/,0.86,False,False,False,False
1epsybj,MariaDB consistent memory bloat up,4,0,SepticPeptides,2024-08-11 19:17:37,https://www.reddit.com/r/dataengineering/comments/1epsybj/mariadb_consistent_memory_bloat_up/,0.76,False,False,False,False
1eqccco,How do you guys store your datasets on a local machine?,5,18,ultra_zero_cool,2024-08-12 12:25:36,https://www.reddit.com/r/dataengineering/comments/1eqccco/how_do_you_guys_store_your_datasets_on_a_local/,0.73,False,False,False,False
1eq9r7o,ETL of data in Excel files,3,2,geo_will989,2024-08-12 10:02:03,https://www.reddit.com/r/dataengineering/comments/1eq9r7o/etl_of_data_in_excel_files/,0.72,False,False,False,False
1eqh379,When should you create a metrics layer?,3,1,pipeline_wizard,2024-08-12 15:43:27,https://www.reddit.com/r/dataengineering/comments/1eqh379/when_should_you_create_a_metrics_layer/,1.0,False,False,False,False
1eqcvri,No or (Very) Low Code UI for querying in Athena?,2,5,JimiZeppelin1012,2024-08-12 12:50:59,https://www.reddit.com/r/dataengineering/comments/1eqcvri/no_or_very_low_code_ui_for_querying_in_athena/,0.63,False,False,False,False
1eqbw07,"How Can I, a Traditional Data Scientist Focused on NLP, Upskill in DE and MLOps?",3,2,maxwoob,2024-08-12 12:03:39,https://www.reddit.com/r/dataengineering/comments/1eqbw07/how_can_i_a_traditional_data_scientist_focused_on/,0.67,False,False,False,False
1eq8h4e,Shift Left in Data Engineering ,3,0,nydasco,2024-08-12 08:34:51,https://medium.com/@nydas/4-key-benefits-of-shift-left-ff0e4bb74a3f?source=friends_link&sk=0941f5164f5115f6fe88191f0b1b9683,0.64,False,False,False,False
1eqadsi,Manual Input Solutions,1,10,Comprehensive-Set-77,2024-08-12 10:41:23,https://www.reddit.com/r/dataengineering/comments/1eqadsi/manual_input_solutions/,0.6,False,False,False,False
1eq4okq,Freshman Data Engineering Internship: Is It Valid and Transferable?,1,1,Some_Phrase_2373,2024-08-12 04:30:05,https://www.reddit.com/r/dataengineering/comments/1eq4okq/freshman_data_engineering_internship_is_it_valid/,0.6,False,False,False,False
1eqdquc,AI Augmentation to Scale Data Products to a Data Product Ecosystem,0,3,growth_man,2024-08-12 13:28:30,https://moderndata101.substack.com/p/ai-augmentation-to-scale-data-products,0.5,False,False,False,False
1epzcm5,Which Marc Lamberti Airflow course?,0,12,data4dayz,2024-08-11 23:57:01,https://www.reddit.com/r/dataengineering/comments/1epzcm5/which_marc_lamberti_airflow_course/,0.5,False,True,False,False
